,h1,art,price,price2,gold,gold2,weight,gems,gems2,url,d1,d0
0,Золотое кольцо «Бриллианты Якутии»,Артикул: 165495,4990₽,24950₽,"Артикул: 165495;Кольцо «Бриллианты Якутии» с 21 бриллиантом, огранка круг 17 граней, 0.04 карат, цвет 2, чистота 2, тип огранки Б; 
Розовое золото 585 пробы;Вес изделия: 0.52г;Кольцо «Бриллианты Якутии» с 21 бриллиантом, огранка круг 17 граней, 0.04 карат, цвет 2, чистота 2, тип огранки Б; 
Розовое золото 585 пробы",,,,,https://sunlight.net//catalog/ring_165495.html,3101-K5R-04&РОССИЯ&Розовое золото&Бриллиант&0.52 г,Бриллианты Якутии&Бриллианты Якутии
1,Золотое кольцо «Бриллианты Якутии»,Артикул: 146537,11990₽,39967₽,"Артикул: 146537;Кольцо «Бриллианты Якутии» с 1 бриллиантом, огранка круг 57 граней, 0.05 карат, цвет 5, чистота 7, тип огранки А; 
Розовое золото 585 пробы;Вес изделия: 1.23г;Кольцо «Бриллианты Якутии» с 1 бриллиантом, огранка круг 57 граней, 0.05 карат, цвет 5, чистота 7, тип огранки А; 
Розовое золото 585 пробы",,,,,https://sunlight.net//catalog/ring_146537.html,70669-K5R-01&РОССИЯ&Розовое золото&Бриллиант&1.23 г,Бриллианты Якутии&Бриллианты Якутии
2,Золотое кольцо «Бриллианты Якутии»,Артикул: 57830,19990₽,66633₽,"Артикул: 57830;Кольцо «Бриллианты Якутии» с 1 бриллиантом, огранка круг 57 граней, 0.05 карат, цвет 3, чистота 6, тип огранки А, 6 бриллиантами, огранка круг 57 граней, 0.11 карат, цвет 3, чистота 6, тип огранки А, 20 бриллиантами, огранка круг 17 граней, 0.06 карат, цвет 2, чистота 2, тип огранки Б; 
Розовое золото 585 пробы

Бриллианты Якутии - это всемирно признанное эталонное качество бриллиантов в ювелирном мире. 
Сейчас большое количество стран занимаются добычей алмазов, но только несколько месторождений признаны исключительными с точки зрения качества сырья и, конечно, якутские алмазные месторождения в этом списке в первых строках.
Каждое украшение проходит самый строгий контроль на соответствие мировым стандартам качества: от процесса отбора камней и благородных металлов до выпуска готового изделия в свет.;Вес изделия: 1.76г;Кольцо «Бриллианты Якутии» с 1 бриллиантом, огранка круг 57 граней, 0.05 карат, цвет 3, чистота 6, тип огранки А, 6 бриллиантами, огранка круг 57 граней, 0.11 карат, цвет 3, чистота 6, тип огранки А, 20 бриллиантами, огранка круг 17 граней, 0.06 карат, цвет 2, чистота 2, тип огранки Б; 
Розовое золото 585 пробы;Бриллианты Якутии - это всемирно признанное эталонное качество бриллиантов в ювелирном мире. 
Сейчас большое количество стран занимаются добычей алмазов, но только несколько месторождений признаны исключительными с точки зрения качества сырья и, конечно, якутские алмазные месторождения в этом списке в первых строках.
Каждое украшение проходит самый строгий контроль на соответствие мировым стандартам качества: от процесса отбора камней и благородных металлов до выпуска готового изделия в свет.",,,,,https://sunlight.net//catalog/ring_57830.html,0490-K5R-02&РОССИЯ&Розовое золото&Бриллиант&1.76 г,Бриллианты Якутии&Бриллианты Якутии
3,Золотое кольцо «Бриллианты Якутии»,Артикул: 47720,10990₽,36633₽,"Артикул: 47720;Кольцо «Бриллианты Якутии» с 1 бриллиантом, огранка круг 57 граней, 0.05 карат, цвет 3, чистота 6, тип огранки А; 
Розовое золото 585 пробы;Вес изделия: 1.2г;Кольцо «Бриллианты Якутии» с 1 бриллиантом, огранка круг 57 граней, 0.05 карат, цвет 3, чистота 6, тип огранки А; 
Розовое золото 585 пробы",,,,,https://sunlight.net//catalog/ring_47720.html,"0496-K5R-01&РОССИЯ&Розовое золото&Бриллиант&1,2 мм&1.2 г",Бриллианты Якутии&Бриллианты Якутии
4,Золотое кольцо с бриллиантами,Артикул: 108790,9990₽,33300₽,"Артикул: 108790;Кольцо с 55 бриллиантами, огранка круг 17 граней, 0.14 карат, цвет 2, чистота 2, тип огранки Б;    
Розовое золото 585 пробы.;Вес изделия: 1.18г;Кольцо с 55 бриллиантами, огранка круг 17 граней, 0.14 карат, цвет 2, чистота 2, тип огранки Б;    
Розовое золото 585 пробы.",,,,,https://sunlight.net//catalog/ring_108790.html,70521-K5R-01&РОССИЯ&Розовое золото&Бриллиант&1.18 г,Бриллианты Якутии&Бриллианты. Классика
5,Золотое кольцо «Бриллианты Якутии»,Артикул: 109474,4990₽,24950₽,"Артикул: 109474;Кольцо «Бриллианты Якутии» с 21 бриллиантом, огранка круг 17 граней, 0.04 карат, цвет 2, чистота 2, тип огранки Б; 
Белое золото 585 пробы;Вес изделия: 0.51г;Кольцо «Бриллианты Якутии» с 21 бриллиантом, огранка круг 17 граней, 0.04 карат, цвет 2, чистота 2, тип огранки Б; 
Белое золото 585 пробы",,,,,https://sunlight.net//catalog/ring_109474.html,"3101-K5W-04&РОССИЯ&Белое золото&Бриллиант&3,9 мм&0.51 г",Бриллианты Якутии&Бриллианты Якутии
6,Золотое кольцо с гранатом и бриллиантами,Артикул: 108796,7490₽,37450₽,"Артикул: 108796;Кольцо с 3 бриллиантами, огранка круг 17 граней, 0.02 карат, цвет 2, чистота 2, тип огранки Б;
1 гранатом, 0.39 карат, тип огранки Б;    
Розовое золото 585 пробы.

Насыщенный и страстный ярко-красный гранат, заключенный в роскошную золотую оправу. Гранат - символ любви, верности и мужества.;Вес изделия: 1.13г;Кольцо с 3 бриллиантами, огранка круг 17 граней, 0.02 карат, цвет 2, чистота 2, тип огранки Б;
1 гранатом, 0.39 карат, тип огранки Б;    
Розовое золото 585 пробы.;Насыщенный и страстный ярко-красный гранат, заключенный в роскошную золотую оправу. Гранат - символ любви, верности и мужества.",,,,,https://sunlight.net//catalog/ring_108796.html,70536-K5R-01&РОССИЯ&Розовое золото&Бриллиант; Гранат&1.13 г,SERGEY GRIBNYAKOV&ГРАНАТЫ
7,Золотое кольцо «Бриллианты Якутии»,Артикул: 152015,4990₽,24950₽,"Артикул: 152015;Кольцо «Бриллианты Якутии» с 21 бриллиантом, огранка круг 17 граней, 0.04 карат, цвет 2, чистота 2, тип огранки Б; 
Желтое золото 585 пробы;Вес изделия: 0.51г;Кольцо «Бриллианты Якутии» с 21 бриллиантом, огранка круг 17 граней, 0.04 карат, цвет 2, чистота 2, тип огранки Б; 
Желтое золото 585 пробы",,,,,https://sunlight.net//catalog/ring_152015.html,3101-K5Y-04&РОССИЯ&Желтое золото&Бриллиант&0.51 г,Бриллианты Якутии&Бриллианты Якутии
8,Золотое кольцо «Бриллианты Якутии»,Артикул: 56703,19990₽,66633₽,"Артикул: 56703;Кольцо «Бриллианты Якутии» с 16 бриллиантами, огранка круг 17 граней, 0.05 карат, цвет 2, чистота 2, тип огранки Б, 6 бриллиантами, огранка круг 57 граней, 0.12 карат, цвет 3, чистота 6, тип огранки А, 1 бриллиантом, огранка круг 57 граней, 0.05 карат, цвет 3, чистота 6, тип огранки А; 
Белое золото 585 пробы;Вес изделия: 1.65г;Кольцо «Бриллианты Якутии» с 16 бриллиантами, огранка круг 17 граней, 0.05 карат, цвет 2, чистота 2, тип огранки Б, 6 бриллиантами, огранка круг 57 граней, 0.12 карат, цвет 3, чистота 6, тип огранки А, 1 бриллиантом, огранка круг 57 граней, 0.05 карат, цвет 3, чистота 6, тип огранки А; 
Белое золото 585 пробы",,,,,https://sunlight.net//catalog/ring_56703.html,"0490-K5W-02&РОССИЯ&Белое золото&Бриллиант&1,8 мм&1.65 г",Бриллианты Якутии&Бриллианты Якутии
9,Золотое кольцо «Бриллианты Якутии»,Артикул: 48271,10990₽,36633₽,"Артикул: 48271;Кольцо «Бриллианты Якутии» с 1 бриллиантом, огранка круг 57 граней, 0.05 карат, цвет 3, чистота 6, тип огранки А; 
Белое золото 585 пробы;Вес изделия: 1.08г;Кольцо «Бриллианты Якутии» с 1 бриллиантом, огранка круг 57 граней, 0.05 карат, цвет 3, чистота 6, тип огранки А; 
Белое золото 585 пробы",,,,,https://sunlight.net//catalog/ring_48271.html,0496-K5W-01&РОССИЯ&Белое золото&Бриллиант&1.08 г,Бриллианты Якутии&Бриллианты Якутии
10,Золотые серьги с гранатом и бриллиантами,Артикул: 108798,13490₽,67450₽,"Артикул: 108798;Серьги с 6 бриллиантами, огранка круг 17 граней, 0.04 карат, цвет 2, чистота 2, тип огранки Б;
2 гранатами, 0.99 карат, тип огранки Б;    
Розовое золото 585 пробы.

Насыщенный и страстный ярко-красный гранат, заключенный в роскошную золотую оправу. Гранат - символ любви, верности и мужества.;Вес изделия: 2.33г;Серьги с 6 бриллиантами, огранка круг 17 граней, 0.04 карат, цвет 2, чистота 2, тип огранки Б;
2 гранатами, 0.99 карат, тип огранки Б;    
Розовое золото 585 пробы.;Насыщенный и страстный ярко-красный гранат, заключенный в роскошную золотую оправу. Гранат - символ любви, верности и мужества.",,,,,https://sunlight.net//catalog/earring_108798.html,70536-C5R-01&РОССИЯ&Розовое золото&Бриллиант; Гранат&2.33 г,SERGEY GRIBNYAKOV&ГРАНАТЫ
11,Золотое кольцо с бриллиантами,Артикул: 238293,21990₽,73300₽,"Артикул: 238293;Кольцо с 1 бриллиантом, огранка круг 57 граней, 0.02 карат, цвет 3, чистота 6, тип огранки А, 30 бриллиантами, огранка круг 17 граней, 0.12 карат, цвет 2, чистота 2, тип огранки Б;    
 585 пробы.

Мужская печатка — дополняющий аксессуар, знак престижа и статуса. Она может быть атрибутами стиля, социального положения и благосостояния. Более того, именно такой вариант кольца добавляет образу мужественности. Стиль кольца должен гармонировать с образом, вписываться в него. Покупая свою первую печатку, лучше остановиться на простом, более классическом варианте. Строгая геометрическая форма одинаково хорошо будет сочетаться и с деловым костюмом, и с фраком, и со спортивной одеждой.;Вес изделия: 2.47г;Кольцо с 1 бриллиантом, огранка круг 57 граней, 0.02 карат, цвет 3, чистота 6, тип огранки А, 30 бриллиантами, огранка круг 17 граней, 0.12 карат, цвет 2, чистота 2, тип огранки Б;    
 585 пробы.;Мужская печатка — дополняющий аксессуар, знак престижа и статуса. Она может быть атрибутами стиля, социального положения и благосостояния. Более того, именно такой вариант кольца добавляет образу мужественности. Стиль кольца должен гармонировать с образом, вписываться в него. Покупая свою первую печатку, лучше остановиться на простом, более классическом варианте. Строгая геометрическая форма одинаково хорошо будет сочетаться и с деловым костюмом, и с фраком, и со спортивной одеждой.",,,,,https://sunlight.net//catalog/ring_238293.html,71409-K5M-01&РОССИЯ&Розовое золото&Бриллиант&2.47 г,Бриллианты Якутии
12,Золотое кольцо с топазами и бриллиантами,Артикул: 283369,9990₽,33300₽,"Артикул: 283369;Кольцо с 18 бриллиантами, огранка круг 17 граней, 0.08 карат, цвет 2, чистота 2, тип огранки Б;
1 топазом синим, 0.49 карат, тип огранки Б;    
Розовое золото 585 пробы.;Вес изделия: 1.57г;Кольцо с 18 бриллиантами, огранка круг 17 граней, 0.08 карат, цвет 2, чистота 2, тип огранки Б;
1 топазом синим, 0.49 карат, тип огранки Б;    
Розовое золото 585 пробы.",,,,,https://sunlight.net//catalog/ring_283369.html,71733-K5R-01&РОССИЯ&Розовое золото&Бриллиант; Топаз&1.57 г,SERGEY GRIBNYAKOV&ЗОЛОТО. ТОПАЗЫ
13,Золотое кольцо «Бриллианты Якутии»,Артикул: 69240,19990₽,66633₽,"Артикул: 69240;Кольцо «Бриллианты Якутии» с 5 бриллиантами, огранка круг 57 граней, 0.14 карат, цвет 4, чистота 6, тип огранки А; 
Белое золото 585 пробы;Вес изделия: 1.25г;Кольцо «Бриллианты Якутии» с 5 бриллиантами, огранка круг 57 граней, 0.14 карат, цвет 4, чистота 6, тип огранки А; 
Белое золото 585 пробы",,,,,https://sunlight.net//catalog/ring_69240.html,"3547-K5W-01&РОССИЯ&Белое золото&Бриллиант&1,1 мм&1.25 г",Бриллианты Якутии&Бриллианты Якутии
14,Золотое кольцо с сапфирами и бриллиантами,Артикул: 56676,11990₽,59950₽,"Артикул: 56676;Кольцо с 19 бриллиантами, огранка круг 17 граней, 0.03 карат, цвет 2, чистота 2, тип огранки Б;
7 сапфирами, 0.20 карат, цвет 2, чистота 2, тип огранки В;    
Белое золото 585 пробы.

Элегантная классика в новом прочтении. Кольцо выполнено из белого золота с бриллиантами и сапфирами. Визуальный объем кольцу придают легкие, воздушные пересекающиеся линии.;Вес изделия: 1.48г;Кольцо с 19 бриллиантами, огранка круг 17 граней, 0.03 карат, цвет 2, чистота 2, тип огранки Б;
7 сапфирами, 0.20 карат, цвет 2, чистота 2, тип огранки В;    
Белое золото 585 пробы.;Элегантная классика в новом прочтении. Кольцо выполнено из белого золота с бриллиантами и сапфирами. Визуальный объем кольцу придают легкие, воздушные пересекающиеся линии.",,,,,https://sunlight.net//catalog/ring_56676.html,1783-K5W-12&РОССИЯ&Белое золото&Бриллиант; Сапфир&1.48 г,SERGEY GRIBNYAKOV&Золото. Сапфиры
15,Золотые серьги «Бриллианты Якутии»,Артикул: 48270,17990₽,59967₽,"Артикул: 48270;Серьги «Бриллианты Якутии» с 2 бриллиантами, огранка круг 57 граней, 0.11 карат, цвет 3, чистота 6, тип огранки А; 
Белое золото 585 пробы;Вес изделия: 1.37г;Серьги «Бриллианты Якутии» с 2 бриллиантами, огранка круг 57 граней, 0.11 карат, цвет 3, чистота 6, тип огранки А; 
Белое золото 585 пробы",,,,,https://sunlight.net//catalog/earring_48270.html,0496-C5W-01&РОССИЯ&Белое золото&Бриллиант&1.37 г,Бриллианты Якутии&Бриллианты Якутии
16,Золотые серьги «Бриллианты Якутии»,Артикул: 47719,17990₽,59967₽,"Артикул: 47719;Серьги «Бриллианты Якутии» с 2 бриллиантами, огранка круг 57 граней, 0.11 карат, цвет 3, чистота 6, тип огранки А; 
Розовое золото 585 пробы;Вес изделия: 1.34г;Серьги «Бриллианты Якутии» с 2 бриллиантами, огранка круг 57 граней, 0.11 карат, цвет 3, чистота 6, тип огранки А; 
Розовое золото 585 пробы",,,,,https://sunlight.net//catalog/earring_47719.html,0496-C5R-01&РОССИЯ&Розовое золото&Бриллиант&1.34 г,Бриллианты Якутии&Бриллианты Якутии
17,Золотое кольцо «Бриллианты Якутии»,Артикул: 100269,31990₽,106633₽,"Артикул: 100269;Кольцо «Бриллианты Якутии» с 20 бриллиантами, огранка круг 57 граней, 0.06 карат, цвет 3, чистота 6, тип огранки А, 1 бриллиантом, огранка круг 57 граней, 0.15 карат, цвет 3, чистота 6, тип огранки А; 
Белое золото 585 пробы;Вес изделия: 1.94г;Кольцо «Бриллианты Якутии» с 20 бриллиантами, огранка круг 57 граней, 0.06 карат, цвет 3, чистота 6, тип огранки А, 1 бриллиантом, огранка круг 57 граней, 0.15 карат, цвет 3, чистота 6, тип огранки А; 
Белое золото 585 пробы",,,,,https://sunlight.net//catalog/ring_100269.html,"70332-K5W-01&РОССИЯ&Белое золото&Бриллиант&1,3 мм&1.94 г",Бриллианты Якутии&Бриллианты Якутии
18,Золотое кольцо с бриллиантами,Артикул: 234085,17990₽,59967₽,"Артикул: 234085;Кольцо с 42 бриллиантами, огранка круг 17 граней, 0.12 карат, цвет 2, чистота 2, тип огранки Б;    
Розовое золото 585 пробы.;Вес изделия: 1.63г;Кольцо с 42 бриллиантами, огранка круг 17 граней, 0.12 карат, цвет 2, чистота 2, тип огранки Б;    
Розовое золото 585 пробы.",,,,,https://sunlight.net//catalog/ring_234085.html,70771-K5R-01&РОССИЯ&Розовое золото&Бриллиант&1.63 г,Бриллианты Якутии&Бриллианты. Классика
19,Золотые серьги с бриллиантами,Артикул: 146521,27990₽,93300₽,"Артикул: 146521;Серьги с 64 бриллиантами, огранка круг 17 граней, 0.22 карат, цвет 2, чистота 2, тип огранки Б;    
Розовое золото 585 пробы.;Вес изделия: 2.91г;Серьги с 64 бриллиантами, огранка круг 17 граней, 0.22 карат, цвет 2, чистота 2, тип огранки Б;    
Розовое золото 585 пробы.",,,,,https://sunlight.net//catalog/earring_146521.html,70771-C5R-01&РОССИЯ&Розовое золото&Бриллиант&2.91 г,Бриллианты Якутии&Бриллианты. Классика
20,Золотые серьги с сапфирами и бриллиантами,Артикул: 56677,12990₽,64950₽,"Артикул: 56677;Серьги с 18 бриллиантами, огранка круг 17 граней, 0.04 карат, цвет 2, чистота 2, тип огранки Б;
6 сапфирами, 0.17 карат, цвет 2, чистота 2, тип огранки В;    
Белое золото 585 пробы.

Элегантная классика в новом прочтении. Серьги выполнены из белого золота с бриллиантами и сапфирами. Визуальный объем серьгам придают легкие, воздушные пересекающиеся линии.Занижение штифта у серег способствует наиболее комфортной посадке на мочке уха.;Вес изделия: 1.74г;Серьги с 18 бриллиантами, огранка круг 17 граней, 0.04 карат, цвет 2, чистота 2, тип огранки Б;
6 сапфирами, 0.17 карат, цвет 2, чистота 2, тип огранки В;    
Белое золото 585 пробы.;Элегантная классика в новом прочтении. Серьги выполнены из белого золота с бриллиантами и сапфирами. Визуальный объем серьгам придают легкие, воздушные пересекающиеся линии.Занижение штифта у серег способствует наиболее комфортной посадке на мочке уха.",,,,,https://sunlight.net//catalog/earring_56677.html,1783-C5W-12&РОССИЯ&Белое золото&Бриллиант; Сапфир&1.74 г,SERGEY GRIBNYAKOV&Золото. Сапфиры
21,Золотые серьги «Бриллианты Якутии»,Артикул: 146538,24990₽,83300₽,"Артикул: 146538;Серьги «Бриллианты Якутии» с 2 бриллиантами, огранка круг 57 граней, 0.16 карат, цвет 5, чистота 7, тип огранки А; 
Розовое золото 585 пробы;Вес изделия: 2.38г;Серьги «Бриллианты Якутии» с 2 бриллиантами, огранка круг 57 граней, 0.16 карат, цвет 5, чистота 7, тип огранки А; 
Розовое золото 585 пробы",,,,,https://sunlight.net//catalog/earring_146538.html,70669-C5R-01&РОССИЯ&Розовое золото&Бриллиант&2.38 г,Бриллианты Якутии&Бриллианты Якутии
22,Золотое кольцо «Бриллианты Якутии»,Артикул: 61080,19990₽,66633₽,"Артикул: 61080;Кольцо «Бриллианты Якутии» с 1 бриллиантом, огранка круг 57 граней, 0.05 карат, цвет 3, чистота 6, тип огранки А, 6 бриллиантами, огранка круг 57 граней, 0.12 карат, цвет 3, чистота 6, тип огранки А, 20 бриллиантами, огранка круг 17 граней, 0.06 карат, цвет 2, чистота 2, тип огранки Б; 
Желтое золото 585 пробы;Вес изделия: 1.81г;Кольцо «Бриллианты Якутии» с 1 бриллиантом, огранка круг 57 граней, 0.05 карат, цвет 3, чистота 6, тип огранки А, 6 бриллиантами, огранка круг 57 граней, 0.12 карат, цвет 3, чистота 6, тип огранки А, 20 бриллиантами, огранка круг 17 граней, 0.06 карат, цвет 2, чистота 2, тип огранки Б; 
Желтое золото 585 пробы",,,,,https://sunlight.net//catalog/ring_61080.html,0490-K5Y-02&РОССИЯ&Желтое золото&Бриллиант&1.81 г,Бриллианты Якутии&Бриллианты Якутии
23,Золотая подвеска «Бриллианты Якутии»,Артикул: 78054,17990₽,59967₽,"Артикул: 78054;Подвеска «Бриллианты Якутии» с 11 бриллиантами, огранка круг 57 граней, 0.19 карат, цвет 3, чистота 6, тип огранки А; 
Белое золото 585 пробы;Вес изделия: 0.61г;Подвеска «Бриллианты Якутии» с 11 бриллиантами, огранка круг 57 граней, 0.19 карат, цвет 3, чистота 6, тип огранки А; 
Белое золото 585 пробы",,,,,https://sunlight.net//catalog/pendants_78054.html,6377-P5W-03&РОССИЯ&Белое золото&Бриллиант&0.61 г,Бриллианты Якутии&Бриллианты Якутии
24,Золотое кольцо «Бриллианты Якутии»,Артикул: 75616,69990₽,233300₽,"Артикул: 75616;Кольцо «Бриллианты Якутии» с 1 бриллиантом, огранка круг 57 граней, 0.04 карат, цвет 3, чистота 6, тип огранки А, 4 бриллиантами, огранка круг 57 граней, 0.20 карат, цвет 3, чистота 6, тип огранки А, 4 бриллиантами, огранка круг 57 граней, 0.31 карат, цвет 3, чистота 6, тип огранки А; 
Белое золото 585 пробы

Бриллианты Якутии - это всемирно признанное эталонное качество бриллиантов в ювелирном мире. 
Сейчас большое количество стран занимаются добычей алмазов, но только несколько месторождений признаны исключительными с точки зрения качества сырья и, конечно, якутские алмазные месторождения в этом списке в первых строках.
Каждое украшение проходит самый строгий контроль на соответствие мировым стандартам качества: от процесса отбора камней и благородных металлов до выпуска готового изделия в свет.;Вес изделия: 3.53г;Кольцо «Бриллианты Якутии» с 1 бриллиантом, огранка круг 57 граней, 0.04 карат, цвет 3, чистота 6, тип огранки А, 4 бриллиантами, огранка круг 57 граней, 0.20 карат, цвет 3, чистота 6, тип огранки А, 4 бриллиантами, огранка круг 57 граней, 0.31 карат, цвет 3, чистота 6, тип огранки А; 
Белое золото 585 пробы;Бриллианты Якутии - это всемирно признанное эталонное качество бриллиантов в ювелирном мире. 
Сейчас большое количество стран занимаются добычей алмазов, но только несколько месторождений признаны исключительными с точки зрения качества сырья и, конечно, якутские алмазные месторождения в этом списке в первых строках.
Каждое украшение проходит самый строгий контроль на соответствие мировым стандартам качества: от процесса отбора камней и благородных металлов до выпуска готового изделия в свет.",,,,,https://sunlight.net//catalog/ring_75616.html,7461-K5W-01&РОССИЯ&Белое золото&Бриллиант&3.53 г,Бриллианты Якутии&Бриллианты Якутии
25,Золотое кольцо «Бриллианты Якутии»,Артикул: 57753,10990₽,36633₽,"Артикул: 57753;Кольцо «Бриллианты Якутии» с 1 бриллиантом, огранка круг 57 граней, 0.05 карат, цвет 3, чистота 6, тип огранки А; 
Желтое золото 585 пробы;Вес изделия: 1.22г;Кольцо «Бриллианты Якутии» с 1 бриллиантом, огранка круг 57 граней, 0.05 карат, цвет 3, чистота 6, тип огранки А; 
Желтое золото 585 пробы",,,,,https://sunlight.net//catalog/ring_57753.html,"0496-K5Y-01&РОССИЯ&Желтое золото&Бриллиант&3,5 мм&1.22 г",Бриллианты Якутии&Бриллианты Якутии
26,Золотая подвеска с бриллиантами,Артикул: 290415,9990₽,33300₽,"Артикул: 290415;Подвеска с 1 бриллиантом, огранка круг 17 граней,  карат, цвет 2, чистота 2, тип огранки Б;    
 585 пробы.;Вес изделия: 1.84г;Подвеска с 1 бриллиантом, огранка круг 17 граней,  карат, цвет 2, чистота 2, тип огранки Б;    
 585 пробы.",,,,,https://sunlight.net//catalog/pendants_290415.html,71734-P5M-01&РОССИЯ&Розовое золото&Бриллиант&1.84 г,Бриллианты Якутии&Христианство
27,Золотые серьги с топазами и бриллиантами,Артикул: 285237,16990₽,56633₽,"Артикул: 285237;Серьги с 36 бриллиантами, огранка круг 17 граней, 0.15 карат, цвет 2, чистота 2, тип огранки Б;
2 топазами синими, 0.99 карат, тип огранки Б;    
Розовое золото 585 пробы.;Вес изделия: 2.54г;Серьги с 36 бриллиантами, огранка круг 17 граней, 0.15 карат, цвет 2, чистота 2, тип огранки Б;
2 топазами синими, 0.99 карат, тип огранки Б;    
Розовое золото 585 пробы.",,,,,https://sunlight.net//catalog/earring_285237.html,71733-C5R-01&РОССИЯ&Розовое золото&Бриллиант; Топаз&2.54 г,SERGEY GRIBNYAKOV&ЗОЛОТО. ТОПАЗЫ
28,Серебряное кольцо с бриллиантами,Артикул: 108063,3190₽,10633₽,"Артикул: 108063;Кольцо с 5 бриллиантами, огранка круг 17 граней, 0.02 карат, цвет 2, чистота 3, тип огранки Б;    
Серебро 925 пробы.;Вес изделия: 0.97г;Кольцо с 5 бриллиантами, огранка круг 17 граней, 0.02 карат, цвет 2, чистота 3, тип огранки Б;    
Серебро 925 пробы.",,,,,https://sunlight.net//catalog/ring_108063.html,281852-202282&РОССИЯ&Серебро&Бриллиант&0.97 г,SERGEY GRIBNYAKOV&Драгоценные камни. Серебро
29,Золотое кольцо «Бриллианты Якутии»,Артикул: 69239,19990₽,66633₽,"Артикул: 69239;Кольцо «Бриллианты Якутии» с 5 бриллиантами, огранка круг 57 граней, 0.14 карат, цвет 4, чистота 6, тип огранки А; 
Розовое золото 585 пробы;Вес изделия: 1.15г;Кольцо «Бриллианты Якутии» с 5 бриллиантами, огранка круг 57 граней, 0.14 карат, цвет 4, чистота 6, тип огранки А; 
Розовое золото 585 пробы",,,,,https://sunlight.net//catalog/ring_69239.html,3547-K5R-01&РОССИЯ&Розовое золото&Бриллиант&1.15 г,Бриллианты Якутии&Бриллианты Якутии
30,Золотые серьги с изумрудами и бриллиантами,Артикул: 58796,10490₽,34967₽,"Артикул: 58796;Серьги с 8 бриллиантами, огранка круг 17 граней, 0.01 карат, цвет 2, чистота 2, тип огранки Б;
4 изумрудами, 0.07 карат, цвет 3, чистота 3, тип огранки В;    
Розовое золото 585 пробы.

Универсальная классика. Серьги выполнены из розового золота с дорожкой из бриллиантов и изумрудов. Нежные, утонченные, подойдут не только к деловому костюму, но и дополнят образ любой модницы.;Вес изделия: 1.28г;Серьги с 8 бриллиантами, огранка круг 17 граней, 0.01 карат, цвет 2, чистота 2, тип огранки Б;
4 изумрудами, 0.07 карат, цвет 3, чистота 3, тип огранки В;    
Розовое золото 585 пробы.;Универсальная классика. Серьги выполнены из розового золота с дорожкой из бриллиантов и изумрудов. Нежные, утонченные, подойдут не только к деловому костюму, но и дополнят образ любой модницы.",,,,,https://sunlight.net//catalog/earring_58796.html,3385-C5R-05&РОССИЯ&Розовое золото&Бриллиант; Изумруд&1.28 г,SERGEY GRIBNYAKOV&Золото. Изумруды
31,Золотые серьги с бриллиантами,Артикул: 108791,22990₽,76633₽,"Артикул: 108791;Серьги с 56 бриллиантами, огранка круг 17 граней, 0.15 карат, цвет 2, чистота 2, тип огранки Б;    
Розовое золото 585 пробы.;Вес изделия: 2.84г;Серьги с 56 бриллиантами, огранка круг 17 граней, 0.15 карат, цвет 2, чистота 2, тип огранки Б;    
Розовое золото 585 пробы.",,,,,https://sunlight.net//catalog/earring_108791.html,70521-C5R-01&РОССИЯ&Розовое золото&Бриллиант&2.84 г,Бриллианты Якутии&Бриллианты. Классика
32,Золотое кольцо с изумрудами и бриллиантами,Артикул: 58795,6990₽,23300₽,"Артикул: 58795;Кольцо с 8 бриллиантами, огранка круг 17 граней, 0.01 карат, цвет 2, чистота 2, тип огранки Б;
3 изумрудами, 0.05 карат, цвет 3, чистота 3, тип огранки В;    
Розовое золото 585 пробы.

Универсальная классика. Кольцо выполнено из розового золота с дорожкой из бриллиантов и изумрудов. Нежное, утонченное, подойдет не только к деловому костюму, но и дополнит образ любой модницы.;Вес изделия: 0.84г;Кольцо с 8 бриллиантами, огранка круг 17 граней, 0.01 карат, цвет 2, чистота 2, тип огранки Б;
3 изумрудами, 0.05 карат, цвет 3, чистота 3, тип огранки В;    
Розовое золото 585 пробы.;Универсальная классика. Кольцо выполнено из розового золота с дорожкой из бриллиантов и изумрудов. Нежное, утонченное, подойдет не только к деловому костюму, но и дополнит образ любой модницы.",,,,,https://sunlight.net//catalog/ring_58795.html,3385-K5R-05&РОССИЯ&Розовое золото&Бриллиант; Изумруд&0.84 г,SERGEY GRIBNYAKOV&Золото. Изумруды
33,Золотое кольцо «Бриллианты Якутии»,Артикул: 93264,31990₽,106633₽,"Артикул: 93264;Кольцо «Бриллианты Якутии» с 1 бриллиантом, огранка круг 57 граней, 0.15 карат, цвет 3, чистота 6, тип огранки А, 20 бриллиантами, огранка круг 57 граней, 0.05 карат, цвет 3, чистота 6, тип огранки А; 
Розовое золото 585 пробы;Вес изделия: 2.08г;Кольцо «Бриллианты Якутии» с 1 бриллиантом, огранка круг 57 граней, 0.15 карат, цвет 3, чистота 6, тип огранки А, 20 бриллиантами, огранка круг 57 граней, 0.05 карат, цвет 3, чистота 6, тип огранки А; 
Розовое золото 585 пробы",,,,,https://sunlight.net//catalog/ring_93264.html,70332-K5R-01&РОССИЯ&Розовое золото&Бриллиант&2.08 г,Бриллианты Якутии&Бриллианты Якутии
34,Золотая подвеска «Бриллианты Якутии»,Артикул: 286851,17990₽,59967₽,"Артикул: 286851;Подвеска «Бриллианты Якутии» с 11 бриллиантами, огранка круг 57 граней, 0.21 карат, цвет 4, чистота 6, тип огранки А; 
Розовое золото 585 пробы;Вес изделия: 0.62г;Подвеска «Бриллианты Якутии» с 11 бриллиантами, огранка круг 57 граней, 0.21 карат, цвет 4, чистота 6, тип огранки А; 
Розовое золото 585 пробы",,,,,https://sunlight.net//catalog/pendants_78052.html,6377-P5R-03&РОССИЯ&Розовое золото&Бриллиант&0.62 г,Бриллианты Якутии&Бриллианты Якутии
35,Золотые серьги «Бриллианты Якутии»,Артикул: 69242,34990₽,116633₽,"Артикул: 69242;Серьги «Бриллианты Якутии» с 10 бриллиантами, огранка круг 57 граней, 0.28 карат, цвет 4, чистота 6, тип огранки А; 
Белое золото 585 пробы;Вес изделия: 2.34г;Серьги «Бриллианты Якутии» с 10 бриллиантами, огранка круг 57 граней, 0.28 карат, цвет 4, чистота 6, тип огранки А; 
Белое золото 585 пробы",,,,,https://sunlight.net//catalog/earring_69242.html,3547-C5W-01&РОССИЯ&Белое золото&Бриллиант&2.34 г,Бриллианты Якутии&Бриллианты Якутии
36,Золотые серьги «Бриллианты Якутии»,Артикул: 75617,139990₽,466633₽,"Артикул: 75617;Серьги «Бриллианты Якутии» с 2 бриллиантами, огранка круг 57 граней, 0.09 карат, цвет 3, чистота 6, тип огранки А, 8 бриллиантами, огранка круг 57 граней, 0.42 карат, цвет 3, чистота 6, тип огранки А, 8 бриллиантами, огранка круг 57 граней, 0.61 карат, цвет 3, чистота 6, тип огранки А; 
Белое золото 585 пробы

Бриллианты Якутии - это всемирно признанное эталонное качество бриллиантов в ювелирном мире. 
Сейчас большое количество стран занимаются добычей алмазов, но только несколько месторождений признаны исключительными с точки зрения качества сырья и, конечно, якутские алмазные месторождения в этом списке в первых строках.
Каждое украшение проходит самый строгий контроль на соответствие мировым стандартам качества: от процесса отбора камней и благородных металлов до выпуска готового изделия в свет.;Вес изделия: 5.54г;Серьги «Бриллианты Якутии» с 2 бриллиантами, огранка круг 57 граней, 0.09 карат, цвет 3, чистота 6, тип огранки А, 8 бриллиантами, огранка круг 57 граней, 0.42 карат, цвет 3, чистота 6, тип огранки А, 8 бриллиантами, огранка круг 57 граней, 0.61 карат, цвет 3, чистота 6, тип огранки А; 
Белое золото 585 пробы;Бриллианты Якутии - это всемирно признанное эталонное качество бриллиантов в ювелирном мире. 
Сейчас большое количество стран занимаются добычей алмазов, но только несколько месторождений признаны исключительными с точки зрения качества сырья и, конечно, якутские алмазные месторождения в этом списке в первых строках.
Каждое украшение проходит самый строгий контроль на соответствие мировым стандартам качества: от процесса отбора камней и благородных металлов до выпуска готового изделия в свет.",,,,,https://sunlight.net//catalog/earring_75617.html,7461-C5W-01&РОССИЯ&Белое золото&Бриллиант&5.54 г,Бриллианты Якутии&Бриллианты Якутии
37,Золотое кольцо «Бриллианты Якутии»,Артикул: 276995,69990₽,233300₽,"Артикул: 276995;Кольцо «Бриллианты Якутии» с 1 бриллиантом, огранка круг 57 граней, 0.04 карат, цвет 3, чистота 6, тип огранки А, 4 бриллиантами, огранка круг 57 граней, 0.23 карат, цвет 3, чистота 6, тип огранки А, 4 бриллиантами, огранка круг 57 граней, 0.32 карат, цвет 3, чистота 6, тип огранки А; 
Розовое золото 585 пробы;Вес изделия: 4.0г;Кольцо «Бриллианты Якутии» с 1 бриллиантом, огранка круг 57 граней, 0.04 карат, цвет 3, чистота 6, тип огранки А, 4 бриллиантами, огранка круг 57 граней, 0.23 карат, цвет 3, чистота 6, тип огранки А, 4 бриллиантами, огранка круг 57 граней, 0.32 карат, цвет 3, чистота 6, тип огранки А; 
Розовое золото 585 пробы",,,,,https://sunlight.net//catalog/ring_276995.html,7461-K5R-01&РОССИЯ&Розовое золото&Бриллиант&4.0 г,Бриллианты Якутии&Бриллианты Якутии
38,Золотая подвеска с бриллиантом,Артикул: 45211,1590₽,,"Артикул: 45211;Подвеска с 1 бриллиантом, огранка круг 17 граней,  карат, цвет 2, чистота 2, тип огранки Б;    
Розовое золото 585 пробы.;Вес изделия: 0.22г;Подвеска с 1 бриллиантом, огранка круг 17 граней,  карат, цвет 2, чистота 2, тип огранки Б;    
Розовое золото 585 пробы.",,,,,https://sunlight.net//catalog/pendants_45211.html,2747-P5R-02&РОССИЯ&Розовое золото&Бриллиант&0.22 г,Бриллианты Якутии&Бриллианты. Fashion Diamonds
39,Золотые серьги «Бриллианты Якутии»,Артикул: 100270,34990₽,116633₽,"Артикул: 100270;Серьги «Бриллианты Якутии» с 1 бриллиантом, огранка круг 57 граней, карат, цвет 3, чистота 6, тип огранки А, 23 бриллиантами, огранка круг 57 граней, 0.04 карат, цвет 3, чистота 6, тип огранки А, 2 бриллиантами, огранка круг 57 граней, 0.21 карат, цвет 3, чистота 6, тип огранки А; 
Белое золото 585 пробы;Вес изделия: 2.29г;Серьги «Бриллианты Якутии» с 1 бриллиантом, огранка круг 57 граней, карат, цвет 3, чистота 6, тип огранки А, 23 бриллиантами, огранка круг 57 граней, 0.04 карат, цвет 3, чистота 6, тип огранки А, 2 бриллиантами, огранка круг 57 граней, 0.21 карат, цвет 3, чистота 6, тип огранки А; 
Белое золото 585 пробы",,,,,https://sunlight.net//catalog/earring_100270.html,70332-C5W-01&РОССИЯ&Белое золото&Бриллиант&2.29 г,Бриллианты Якутии&Бриллианты Якутии
40,Золотые серьги «Бриллианты Якутии»,Артикул: 286758,11990₽,59950₽,"Артикул: 286758;Серьги «Бриллианты Якутии» с 20 бриллиантами, огранка круг 17 граней, 0.04 карат, цвет 2, чистота 2, тип огранки Б; 
Розовое золото 585 пробы;Вес изделия: 1.19г;Серьги «Бриллианты Якутии» с 20 бриллиантами, огранка круг 17 граней, 0.04 карат, цвет 2, чистота 2, тип огранки Б; 
Розовое золото 585 пробы",,,,,https://sunlight.net//catalog/earring_286758.html,3146-C5R-03&РОССИЯ&Розовое золото&Бриллиант&1.19 г,Бриллианты Якутии&Бриллианты Якутии
41,Золотые серьги «Бриллианты Якутии»,Артикул: 69241,34990₽,116633₽,"Артикул: 69241;Серьги «Бриллианты Якутии» с 10 бриллиантами, огранка круг 57 граней, 0.29 карат, цвет 4, чистота 6, тип огранки А; 
Розовое золото 585 пробы;Вес изделия: 2.4г;Серьги «Бриллианты Якутии» с 10 бриллиантами, огранка круг 57 граней, 0.29 карат, цвет 4, чистота 6, тип огранки А; 
Розовое золото 585 пробы",,,,,https://sunlight.net//catalog/earring_69241.html,3547-C5R-01&РОССИЯ&Розовое золото&Бриллиант&2.4 г,Бриллианты Якутии&Бриллианты Якутии
42,Золотой крест-подвеска с бриллиантами,Артикул: 63494,6990₽,,"Артикул: 63494;Подвеска с 1 бриллиантом, 0,005 карат, цвет 2, чистота 2, тип огранки Б;    
 585 пробы.;Вес изделия: 0.94г;Подвеска с 1 бриллиантом, 0,005 карат, цвет 2, чистота 2, тип огранки Б;    
 585 пробы.",,,,,https://sunlight.net//catalog/pendants_63494.html,"6363-P5M-02&РОССИЯ&Белое золото, Розовое золото&Бриллиант&0.94 г",Бриллианты Якутии&Христианство
43,Золотые серьги «Бриллианты Якутии»,Артикул: 81222,44990₽,149967₽,"Артикул: 81222;Серьги «Бриллианты Якутии» с 12 бриллиантами, огранка круг 17 граней, 0.04 карат, цвет 2, чистота 2, тип огранки Б, 12 бриллиантами, огранка круг 57 граней, 0.26 карат, цвет 3, чистота 6, тип огранки А, 2 бриллиантами, огранка круг 57 граней, 0.10 карат, цвет 3, чистота 6, тип огранки А; 
Розовое золото 585 пробы;Вес изделия: 2.34г;Серьги «Бриллианты Якутии» с 12 бриллиантами, огранка круг 17 граней, 0.04 карат, цвет 2, чистота 2, тип огранки Б, 12 бриллиантами, огранка круг 57 граней, 0.26 карат, цвет 3, чистота 6, тип огранки А, 2 бриллиантами, огранка круг 57 граней, 0.10 карат, цвет 3, чистота 6, тип огранки А; 
Розовое золото 585 пробы",,,,,https://sunlight.net//catalog/earring_81222.html,0490-C5R-01&Розовое золото&Бриллиант&2.34 г,Бриллианты Якутии&Бриллианты Якутии
44,Золотые серьги «Бриллианты Якутии»,Артикул: 276996,139990₽,466633₽,"Артикул: 276996;Серьги «Бриллианты Якутии» с 2 бриллиантами, огранка круг 57 граней, 0.09 карат, цвет 3, чистота 6, тип огранки А, 8 бриллиантами, огранка круг 57 граней, 0.45 карат, цвет 3, чистота 6, тип огранки А, 8 бриллиантами, огранка круг 57 граней, 0.64 карат, цвет 3, чистота 6, тип огранки А; 
Розовое золото 585 пробы;Вес изделия: 5.5г;Серьги «Бриллианты Якутии» с 2 бриллиантами, огранка круг 57 граней, 0.09 карат, цвет 3, чистота 6, тип огранки А, 8 бриллиантами, огранка круг 57 граней, 0.45 карат, цвет 3, чистота 6, тип огранки А, 8 бриллиантами, огранка круг 57 граней, 0.64 карат, цвет 3, чистота 6, тип огранки А; 
Розовое золото 585 пробы",,,,,https://sunlight.net//catalog/earring_276996.html,7461-C5R-01&РОССИЯ&Розовое золото&Бриллиант&5.5 г,Бриллианты Якутии&Бриллианты Якутии
45,Золотые серьги «Бриллианты Якутии»,Артикул: 300756,34990₽,116633₽,"Артикул: 300756;Серьги «Бриллианты Якутии» с 2 бриллиантами, огранка круг 57 граней, 0.21 карат, цвет 3, чистота 6, тип огранки А, 24 бриллиантами, огранка круг 57 граней, 0.03 карат, цвет 3, чистота 6, тип огранки А; 
Розовое золото 585 пробы;Вес изделия: 2.39г;Серьги «Бриллианты Якутии» с 2 бриллиантами, огранка круг 57 граней, 0.21 карат, цвет 3, чистота 6, тип огранки А, 24 бриллиантами, огранка круг 57 граней, 0.03 карат, цвет 3, чистота 6, тип огранки А; 
Розовое золото 585 пробы",,,,,https://sunlight.net//catalog/earring_93288.html,"70332-C5R-01&РОССИЯ&Белое золото, Розовое золото&Бриллиант&2.39 г",Бриллианты Якутии&Бриллианты Якутии
46,Серебряные серьги с бриллиантами,Артикул: 108064,4990₽,16633₽,"Артикул: 108064;Серьги с 10 бриллиантами, огранка круг 17 граней, 0.04 карат, цвет 2, чистота 3, тип огранки Б;    
Серебро 925 пробы.;Вес изделия: 1.72г;Серьги с 10 бриллиантами, огранка круг 17 граней, 0.04 карат, цвет 2, чистота 3, тип огранки Б;    
Серебро 925 пробы.",,,,,https://sunlight.net//catalog/earring_108064.html,381852-202280&РОССИЯ&Серебро&Бриллиант&1.72 г,SERGEY GRIBNYAKOV&Драгоценные камни. Серебро
47,Золотые серьги «Бриллианты Якутии»,Артикул: 58181,17990₽,59967₽,"Артикул: 58181;Серьги «Бриллианты Якутии» с 2 бриллиантами, огранка круг 57 граней, 0.11 карат, цвет 3, чистота 6, тип огранки А; 
Желтое золото 585 пробы;Вес изделия: 1.36г;Серьги «Бриллианты Якутии» с 2 бриллиантами, огранка круг 57 граней, 0.11 карат, цвет 3, чистота 6, тип огранки А; 
Желтое золото 585 пробы",,,,,https://sunlight.net//catalog/earring_58181.html,0496-C5Y-01&РОССИЯ&Желтое золото&Бриллиант&1.36 г,Бриллианты Якутии&Бриллианты Якутии
48,Золотые серьги «Бриллианты Якутии»,Артикул: 389,11990₽,59950₽,"Артикул: 389;Серьги «Бриллианты Якутии» с 20 бриллиантами, огранка круг 17 граней, 0.05 карат, цвет 2, чистота 3, тип огранки Б; 
Белое золото 585 пробы;Вес изделия: 1.17г;Серьги «Бриллианты Якутии» с 20 бриллиантами, огранка круг 17 граней, 0.05 карат, цвет 2, чистота 3, тип огранки Б; 
Белое золото 585 пробы",,,,,https://sunlight.net//catalog/earring389.html,3101-C5W-02&Белое золото&Бриллиант&1.17 г,Бриллианты Якутии&Бриллианты Якутии
49,Золотая подвеска «Бриллианты Якутии»,Артикул: 312887,17990₽,59967₽,"Артикул: 312887;Подвеска «Бриллианты Якутии» с 11 бриллиантами, огранка круг 57 граней, 0.21 карат, цвет 4, чистота 5, тип огранки А; 
Желтое золото 585 пробы;Вес изделия: 0.61г;Подвеска «Бриллианты Якутии» с 11 бриллиантами, огранка круг 57 граней, 0.21 карат, цвет 4, чистота 5, тип огранки А; 
Желтое золото 585 пробы",,,,,https://sunlight.net//catalog/pendants_312887.html,6377-P5Y-01&РОССИЯ&Желтое золото&Бриллиант&0.61 г,Бриллианты Якутии&Бриллианты Якутии
50,Золотое кольцо с бриллиантами,Артикул: 315514,13990₽,46633₽,"Артикул: 315514;Кольцо с 4 бриллиантами, огранка круг 17 граней, 0.01 карат, цвет 2, чистота 2, тип огранки Б, 9 бриллиантами, огранка круг 17 граней, 0.04 карат, цвет 2, чистота 2, тип огранки Б, 6 бриллиантами, огранка круг 17 граней, 0.03 карат, цвет 2, чистота 2, тип огранки Б;    
Белое золото 585 пробы.;Вес изделия: 1.4г;Кольцо с 4 бриллиантами, огранка круг 17 граней, 0.01 карат, цвет 2, чистота 2, тип огранки Б, 9 бриллиантами, огранка круг 17 граней, 0.04 карат, цвет 2, чистота 2, тип огранки Б, 6 бриллиантами, огранка круг 17 граней, 0.03 карат, цвет 2, чистота 2, тип огранки Б;    
Белое золото 585 пробы.",,,,,https://sunlight.net//catalog/ring_92006.html,"72115-K5W-02&РОССИЯ&Белое золото&Бриллиант&3,5 мм&1.4 г",Бриллианты Якутии
51,Золотое кольцо «Бриллианты Якутии»,Артикул: 76218,19990₽,66633₽,"Артикул: 76218;Кольцо «Бриллианты Якутии» с 5 бриллиантами, огранка круг 57 граней, 0.14 карат, цвет 4, чистота 6, тип огранки А; 
Желтое золото 585 пробы;Вес изделия: 1.31г;Кольцо «Бриллианты Якутии» с 5 бриллиантами, огранка круг 57 граней, 0.14 карат, цвет 4, чистота 6, тип огранки А; 
Желтое золото 585 пробы",,,,,https://sunlight.net//catalog/ring_76218.html,"3547-K5Y-01&РОССИЯ&Желтое золото&Бриллиант&3,2 мм&1.31 г",Бриллианты Якутии&Бриллианты Якутии
52,Золотые серьги «Бриллианты Якутии»,Артикул: 76219,34990₽,116633₽,"Артикул: 76219;Серьги «Бриллианты Якутии» с 10 бриллиантами, огранка круг 57 граней, 0.27 карат, цвет 4, чистота 6, тип огранки А; 
Желтое золото 585 пробы;Вес изделия: 2.33г;Серьги «Бриллианты Якутии» с 10 бриллиантами, огранка круг 57 граней, 0.27 карат, цвет 4, чистота 6, тип огранки А; 
Желтое золото 585 пробы",,,,,https://sunlight.net//catalog/earring_76219.html,3547-C5Y-01&РОССИЯ&Желтое золото&Бриллиант&2.33 г,Бриллианты Якутии&Бриллианты Якутии
53,Золотой крест-подвеска с бриллиантами,Артикул: 279448,11490₽,22980₽,"Артикул: 279448;Подвеска с 1 бриллиантом, огранка круг 57 граней,  карат, цвет 3, чистота 6, тип огранки А;    
Розовое золото 585 пробы.;Вес изделия: 0.98г;Подвеска с 1 бриллиантом, огранка круг 57 граней,  карат, цвет 3, чистота 6, тип огранки А;    
Розовое золото 585 пробы.",,,,,https://sunlight.net//catalog/pendants_279448.html,71411-P5R-01&РОССИЯ&Розовое золото&Бриллиант&0.98 г,Бриллианты Якутии&Христианство
54,Золотое кольцо с бриллиантами,Артикул: 315516,12990₽,43300₽,"Артикул: 315516;Кольцо с 1 бриллиантом, огранка круг 57 граней, 0.02 карат, цвет 3, чистота 6, тип огранки А;    
Розовое золото 585 пробы.;Вес изделия: 1.61г;Кольцо с 1 бриллиантом, огранка круг 57 граней, 0.02 карат, цвет 3, чистота 6, тип огранки А;    
Розовое золото 585 пробы.",,,,,https://sunlight.net//catalog/ring_277113.html,"72175-K5R-01&РОССИЯ&Розовое золото&Бриллиант&4,0 мм&1.61 г",Бриллианты Якутии
55,Золотые серьги «Бриллианты Якутии»,Артикул: 81220,44990₽,149967₽,"Артикул: 81220;Серьги «Бриллианты Якутии» с 12 бриллиантами, огранка круг 57 граней, 0.21 карат, цвет 3, чистота 6, тип огранки А, 2 бриллиантами, огранка круг 57 граней, 0.11 карат, цвет 3, чистота 6, тип огранки А, 14 бриллиантами, огранка круг 17 граней, 0.04 карат, цвет 2, чистота 2, тип огранки Б; 
Белое золото 585 пробы;Вес изделия: 2.38г;Серьги «Бриллианты Якутии» с 12 бриллиантами, огранка круг 57 граней, 0.21 карат, цвет 3, чистота 6, тип огранки А, 2 бриллиантами, огранка круг 57 граней, 0.11 карат, цвет 3, чистота 6, тип огранки А, 14 бриллиантами, огранка круг 17 граней, 0.04 карат, цвет 2, чистота 2, тип огранки Б; 
Белое золото 585 пробы",,,,,https://sunlight.net//catalog/earring_81220.html,0490-C5W-02&РОССИЯ&Белое золото&Бриллиант&2.38 г,Бриллианты Якутии&Бриллианты Якутии
56,Золотое обручальное кольцо с бриллиантами,Артикул: 83601,69990₽,139980₽,"Артикул: 83601;Кольцо с 11 бриллиантами, 0.12 карат, цвет 4, чистота 6, тип огранки А;    
 585 пробы.

Обручальные кольца, выполненные в технике «синтеринг» 
уже успели приобрести широкую популярность во многих странах мира. Кольца, сочетающие в себе несколько разных металлов, выглядят дорого и необычно. При изготовлении подобных колец дизайнеры используют различные вариации комбинаций для достижения максимально прочного и ультрамодного результата.;Вес изделия: 2.44г;Кольцо с 11 бриллиантами, 0.12 карат, цвет 4, чистота 6, тип огранки А;    
 585 пробы.;Обручальные кольца, выполненные в технике «синтеринг» 
уже успели приобрести широкую популярность во многих странах мира. Кольца, сочетающие в себе несколько разных металлов, выглядят дорого и необычно. При изготовлении подобных колец дизайнеры используют различные вариации комбинаций для достижения максимально прочного и ультрамодного результата.",,,,,https://sunlight.net//catalog/ring_83601.html,"Т131019061*&РОССИЯ&Розовое золото&Бриллиант&5,5 мм&2.44 г",Бриллианты Якутии
57,Золотые серьги «Бриллианты Якутии»,Артикул: 81221,44990₽,149967₽,"Артикул: 81221;Серьги «Бриллианты Якутии» с 12 бриллиантами, огранка круг 17 граней, 0.03 карат, цвет 2, чистота 2, тип огранки Б, 12 бриллиантами, огранка круг 57 граней, 0.25 карат, цвет 3, чистота 6, тип огранки А, 2 бриллиантами, огранка круг 57 граней, 0.10 карат, цвет 3, чистота 6, тип огранки А; 
Желтое золото 585 пробы;Вес изделия: 2.47г;Серьги «Бриллианты Якутии» с 12 бриллиантами, огранка круг 17 граней, 0.03 карат, цвет 2, чистота 2, тип огранки Б, 12 бриллиантами, огранка круг 57 граней, 0.25 карат, цвет 3, чистота 6, тип огранки А, 2 бриллиантами, огранка круг 57 граней, 0.10 карат, цвет 3, чистота 6, тип огранки А; 
Желтое золото 585 пробы",,,,,https://sunlight.net//catalog/earring_81221.html,0490-C5Y-01&Желтое золото&Бриллиант&2.47 г,Бриллианты Якутии&Бриллианты Якутии
58,Золотые серьги с бриллиантами,Артикул: 92680,27990₽,,"Артикул: 92680;Серьги с 54 бриллиантами, огранка круг 17 граней, 0.22 карат, цвет 2, чистота 2, тип огранки Б;    
Розовое золото 585 пробы.

Невероятная привлекательность украшений из этой коллекции обусловлена использованием в изделиях сверкающего алмазного диска, который позволяет визуально увеличить и эффектно представить бриллианты взору окружающих.;Вес изделия: 3.04г;Серьги с 54 бриллиантами, огранка круг 17 граней, 0.22 карат, цвет 2, чистота 2, тип огранки Б;    
Розовое золото 585 пробы.;Невероятная привлекательность украшений из этой коллекции обусловлена использованием в изделиях сверкающего алмазного диска, который позволяет визуально увеличить и эффектно представить бриллианты взору окружающих.",,,,,https://sunlight.net//catalog/earring_92680.html,70181-C5R-01&РОССИЯ&Розовое золото&Бриллиант&3.04 г,Бриллианты Якутии&Бриллианты. Miracle
59,Золотые серьги с бриллиантами,Артикул: 146527,16990₽,,"Артикул: 146527;Серьги с 56 бриллиантами, огранка круг 17 граней, 0.12 карат, цвет 2, чистота 2, тип огранки Б;    
Розовое золото 585 пробы.;Вес изделия: 1.74г;Серьги с 56 бриллиантами, огранка круг 17 граней, 0.12 карат, цвет 2, чистота 2, тип огранки Б;    
Розовое золото 585 пробы.",,,,,https://sunlight.net//catalog/earring_146527.html,70651-C5R-01&РОССИЯ&Розовое золото&Бриллиант&1.74 г,Бриллианты Якутии&Бриллианты. Классика
60,Золотая подвеска с бриллиантом,Артикул: 58553,1890₽,,"Артикул: 58553;Подвеска с 1 бриллиантом, огранка круг 17 граней,  карат, цвет 2, чистота 2, тип огранки Б;    
Розовое золото 585 пробы.;Вес изделия: 0.27г;Подвеска с 1 бриллиантом, огранка круг 17 граней,  карат, цвет 2, чистота 2, тип огранки Б;    
Розовое золото 585 пробы.",,,,,https://sunlight.net//catalog/pendants_58553.html,0574-P5R-01&РОССИЯ&Розовое золото&Бриллиант&0.27 г,Бриллианты Якутии&Бриллианты. Fashion Diamonds
61,Золотое кольцо с бриллиантами,Артикул: 146526,10990₽,,"Артикул: 146526;Кольцо с 48 бриллиантами, огранка круг 17 граней, 0.10 карат, цвет 2, чистота 2, тип огранки Б;    
Розовое золото 585 пробы.;Вес изделия: 0.82г;Кольцо с 48 бриллиантами, огранка круг 17 граней, 0.10 карат, цвет 2, чистота 2, тип огранки Б;    
Розовое золото 585 пробы.",,,,,https://sunlight.net//catalog/ring_146526.html,70651-K5R-01&РОССИЯ&Розовое золото&Бриллиант&0.82 г,Бриллианты Якутии&Бриллианты. Классика
62,Золотое кольцо «Бриллианты Якутии»,Артикул: 273388,9990₽,,"Артикул: 273388;Кольцо «Бриллианты Якутии» с 1 бриллиантом, огранка круг 57 граней, 0.05 карат, цвет 3, чистота 6, тип огранки А; 
Розовое золото 585 пробы;Вес изделия: 0.96г;Кольцо «Бриллианты Якутии» с 1 бриллиантом, огранка круг 57 граней, 0.05 карат, цвет 3, чистота 6, тип огранки А; 
Розовое золото 585 пробы",,,,,https://sunlight.net//catalog/ring_273388.html,71221-K5R-01&РОССИЯ&Розовое золото&Бриллиант&0.96 г,Бриллианты Якутии&Бриллианты Якутии
63,Золотое кольцо с бриллиантами,Артикул: 51292,4990₽,,"Артикул: 51292;Кольцо с 5 бриллиантами, огранка круг 17 граней, 0.01 карат, цвет 2, чистота 2, тип огранки Б;    
Розовое золото 585 пробы.;Вес изделия: 0.6г;Кольцо с 5 бриллиантами, огранка круг 17 граней, 0.01 карат, цвет 2, чистота 2, тип огранки Б;    
Розовое золото 585 пробы.",,,,,https://sunlight.net//catalog/ring_51292.html,"2651-K5R-02&РОССИЯ&Розовое золото&Бриллиант&6,7 мм&0.6 г",Бриллианты Якутии&Бриллианты. Fashion Diamonds
64,Золотое кольцо с бриллиантами,Артикул: 280238,25990₽,51980₽,"Артикул: 280238;Кольцо с 6 бриллиантами, огранка круг 17 граней, 0.02 карат, цвет 2, чистота 2, тип огранки Б, 7 бриллиантами, огранка круг 17 граней, 0.03 карат, цвет 2, чистота 2, тип огранки Б;    
 585 пробы.

Невероятная привлекательность украшений из этой коллекции обусловлена использованием в изделиях сверкающего алмазного диска, который позволяет визуально увеличить и эффектно представить бриллианты взору окружающих.;Вес изделия: 1.86г;Кольцо с 6 бриллиантами, огранка круг 17 граней, 0.02 карат, цвет 2, чистота 2, тип огранки Б, 7 бриллиантами, огранка круг 17 граней, 0.03 карат, цвет 2, чистота 2, тип огранки Б;    
 585 пробы.;Невероятная привлекательность украшений из этой коллекции обусловлена использованием в изделиях сверкающего алмазного диска, который позволяет визуально увеличить и эффектно представить бриллианты взору окружающих.",,,,,https://sunlight.net//catalog/ring_280238.html,"7552-K5M-02&РОССИЯ&Розовое золото&Бриллиант&4,9 мм&1.86 г",Бриллианты Якутии&Бриллианты. Miracle
65,Золотой крест-подвеска с бриллиантами,Артикул: 50906,16990₽,,"Артикул: 50906;Подвеска с 4 бриллиантами, огранка круг 17 граней, 0.03 карат, цвет 2, чистота 2, тип огранки Б;    
 585 пробы.;Вес изделия: 2.33г;Подвеска с 4 бриллиантами, огранка круг 17 граней, 0.03 карат, цвет 2, чистота 2, тип огранки Б;    
 585 пробы.",,,,,https://sunlight.net//catalog/pendants_50906.html,"6347-P5M-01&РОССИЯ&Белое золото, Розовое золото&Бриллиант&2.33 г",Бриллианты Якутии&Христианство
66,Золотые серьги «Бриллианты Якутии»,Артикул: 275421,15990₽,,"Артикул: 275421;Серьги «Бриллианты Якутии» с 2 бриллиантами, огранка круг 57 граней, 0.10 карат, цвет 3, чистота 6, тип огранки А; 
Розовое золото 585 пробы;Вес изделия: 1.83г;Серьги «Бриллианты Якутии» с 2 бриллиантами, огранка круг 57 граней, 0.10 карат, цвет 3, чистота 6, тип огранки А; 
Розовое золото 585 пробы",,,,,https://sunlight.net//catalog/earring_275421.html,71221-С5R-01&РОССИЯ&Розовое золото&Бриллиант&1.83 г,Бриллианты Якутии&Бриллианты Якутии
67,Золотое кольцо с сапфирами и бриллиантами,Артикул: 125960,13990₽,27980₽,"Артикул: 125960;Кольцо с 10 бриллиантами, огранка круг 17 граней, 0.04 карат, цвет 2, чистота 2, тип огранки Б;
1 сапфиром синтетическим, 0.26 карат, тип огранки Б;    
Розовое золото 585 пробы.;Вес изделия: 1.07г;Кольцо с 10 бриллиантами, огранка круг 17 граней, 0.04 карат, цвет 2, чистота 2, тип огранки Б;
1 сапфиром синтетическим, 0.26 карат, тип огранки Б;    
Розовое золото 585 пробы.",,,,,https://sunlight.net//catalog/ring_125960.html,70597-K5R-01&РОССИЯ&Розовое золото&Бриллиант; Сапфир&1.07 г,SERGEY GRIBNYAKOV&Золото. Сапфиры
68,Золотая подвеска с бриллиантами,Артикул: 57784,1590₽,,"Артикул: 57784;Подвеска с 1 бриллиантом, огранка круг 17 граней,  карат, цвет 2, чистота 2, тип огранки Б;    
Белое золото 585 пробы.;Вес изделия: 0.12г;Подвеска с 1 бриллиантом, огранка круг 17 граней,  карат, цвет 2, чистота 2, тип огранки Б;    
Белое золото 585 пробы.",,,,,https://sunlight.net//catalog/pendants_57784.html,2747-P5W-02&РОССИЯ&Белое золото&Бриллиант&0.12 г,Бриллианты Якутии&Бриллианты. Fashion Diamonds
69,Золотое кольцо «Бриллианты Якутии»,Артикул: 313658,41990₽,139967₽,"Артикул: 313658;Кольцо «Бриллианты Якутии» с 5 бриллиантами, огранка круг 57 граней, 0.32 карат, цвет 3, чистота 6, тип огранки А; 
Белое золото 585 пробы;Вес изделия: 1.88г;Кольцо «Бриллианты Якутии» с 5 бриллиантами, огранка круг 57 граней, 0.32 карат, цвет 3, чистота 6, тип огранки А; 
Белое золото 585 пробы",,,,,https://sunlight.net//catalog/ring_313658.html,70545-K5W-01&РОССИЯ&Белое золото&Бриллиант&1.88 г,Бриллианты Якутии&Бриллианты Якутии
70,Золотая подвеска с бриллиантом,Артикул: 58552,1890₽,,"Артикул: 58552;Подвеска с 1 бриллиантом, огранка круг 17 граней,  карат, цвет 2, чистота 2, тип огранки Б;    
Белое золото 585 пробы.;Вес изделия: 0.29г;Подвеска с 1 бриллиантом, огранка круг 17 граней,  карат, цвет 2, чистота 2, тип огранки Б;    
Белое золото 585 пробы.",,,,,https://sunlight.net//catalog/pendants_58552.html,0574-P5W-01&РОССИЯ&Белое золото&Бриллиант&0.29 г,Бриллианты Якутии&Бриллианты. Fashion Diamonds
71,Золотые серьги с бриллиантами,Артикул: 51456,9990₽,,"Артикул: 51456;Серьги с 10 бриллиантами, огранка круг 17 граней, 0.02 карат, цвет 2, чистота 2, тип огранки Б;    
Розовое золото 585 пробы.;Вес изделия: 1.57г;Серьги с 10 бриллиантами, огранка круг 17 граней, 0.02 карат, цвет 2, чистота 2, тип огранки Б;    
Розовое золото 585 пробы.",,,,,https://sunlight.net//catalog/earring_51456.html,2651-C5R-02&РОССИЯ&Розовое золото&Бриллиант&1.57 г,Бриллианты Якутии&Бриллианты. Fashion Diamonds
72,Золотые серьги с изумрудами и бриллиантами,Артикул: 66871,24990₽,49980₽,"Артикул: 66871;Серьги с 12 бриллиантами, огранка круг 17 граней, 0.02 карат, цвет 2, чистота 2, тип огранки Б;
2 изумрудами, 0.13 карат, цвет 3, чистота 3, тип огранки В;    
Розовое золото 585 пробы.;Вес изделия: 1.75г;Серьги с 12 бриллиантами, огранка круг 17 граней, 0.02 карат, цвет 2, чистота 2, тип огранки Б;
2 изумрудами, 0.13 карат, цвет 3, чистота 3, тип огранки В;    
Розовое золото 585 пробы.",,,,,https://sunlight.net//catalog/earring_66871.html,0451-C5R-03&РОССИЯ&Розовое золото&Бриллиант; Изумруд&1.75 г,SERGEY GRIBNYAKOV&Золото. Изумруды
73,Золотое кольцо с изумрудом и бриллиантами,Артикул: 66502,16990₽,33980₽,"Артикул: 66502;Кольцо с 6 бриллиантами, огранка круг 17 граней, 0.01 карат, цвет 2, чистота 2, тип огранки Б;
1 изумрудом, 0.06 карат, цвет 3, чистота 3, тип огранки В;    
Розовое золото 585 пробы.;Вес изделия: 1.31г;Кольцо с 6 бриллиантами, огранка круг 17 граней, 0.01 карат, цвет 2, чистота 2, тип огранки Б;
1 изумрудом, 0.06 карат, цвет 3, чистота 3, тип огранки В;    
Розовое золото 585 пробы.",,,,,https://sunlight.net//catalog/ring_66502.html,0451-K5R-03&РОССИЯ&Розовое золото&Бриллиант; Изумруд&1.31 г,SERGEY GRIBNYAKOV&Золото. Изумруды
74,Золотое кольцо с изумрудами и бриллиантами,Артикул: 307734,32990₽,65980₽,"Артикул: 307734;Кольцо с 12 бриллиантами, огранка круг 17 граней, 0.05 карат, цвет 2, чистота 2, тип огранки Б;
2 изумрудами,  карат, цвет 3, чистота 3, тип огранки В;    
Розовое золото 585 пробы.;Вес изделия: 2.42г;Кольцо с 12 бриллиантами, огранка круг 17 граней, 0.05 карат, цвет 2, чистота 2, тип огранки Б;
2 изумрудами,  карат, цвет 3, чистота 3, тип огранки В;    
Розовое золото 585 пробы.",,,,,https://sunlight.net//catalog/ring_307734.html,71969-K5R-01&РОССИЯ&Розовое золото&Бриллиант; Изумруд&2.42 г,SERGEY GRIBNYAKOV&Золото. Изумруды
75,Золотое кольцо «Бриллианты Якутии»,Артикул: 275418,14990₽,149900₽,"Артикул: 275418;Кольцо «Бриллианты Якутии» с 5 бриллиантами, огранка круг 57 граней, 0.14 карат, цвет 3, чистота 6, тип огранки А; 
Розовое золото 585 пробы;Вес изделия: 1.07г;Кольцо «Бриллианты Якутии» с 5 бриллиантами, огранка круг 57 граней, 0.14 карат, цвет 3, чистота 6, тип огранки А; 
Розовое золото 585 пробы",,,,,https://sunlight.net//catalog/ring_275418.html,71259-K5R-01&РОССИЯ&Розовое золото&Бриллиант&1.07 г,Бриллианты Якутии&Бриллианты Якутии
76,Золотые серьги с сапфирами и бриллиантами,Артикул: 123837,20990₽,41980₽,"Артикул: 123837;Серьги с 10 бриллиантами, огранка круг 17 граней, 0.04 карат, цвет 2, чистота 2, тип огранки Б;
2 сапфирами синтетическими, 0.52 карат, тип огранки Б;    
Розовое золото 585 пробы.;Вес изделия: 2.0г;Серьги с 10 бриллиантами, огранка круг 17 граней, 0.04 карат, цвет 2, чистота 2, тип огранки Б;
2 сапфирами синтетическими, 0.52 карат, тип огранки Б;    
Розовое золото 585 пробы.",,,,,https://sunlight.net//catalog/earring_123837.html,70597-C5R-01&РОССИЯ&Розовое золото&Бриллиант; Сапфир&2.0 г,SERGEY GRIBNYAKOV&Золото. Сапфиры
77,Золотые серьги с бриллиантами,Артикул: 56508,6990₽,,"Артикул: 56508;Серьги с 2 бриллиантами, огранка круг 17 граней, 0.01 карат, цвет 2, чистота 2, тип огранки Б;    
Белое золото 585 пробы.;Вес изделия: 1.33г;Серьги с 2 бриллиантами, огранка круг 17 граней, 0.01 карат, цвет 2, чистота 2, тип огранки Б;    
Белое золото 585 пробы.",,,,,https://sunlight.net//catalog/earring_56508.html,2747-C5W-02&РОССИЯ&Белое золото&Бриллиант&1.33 г,Бриллианты Якутии&Бриллианты. Fashion Diamonds
78,Золотое кольцо «Бриллианты Якутии»,Артикул: 157318,33990₽,67980₽,"Артикул: 157318;Кольцо «Бриллианты Якутии» с 1 бриллиантом, огранка круг 57 граней, 0.04 карат, цвет 5, чистота 6, тип огранки А, 6 бриллиантами, огранка круг 57 граней, 0.11 карат, цвет 5, чистота 6, тип огранки А; 
Белое золото 585 пробы;Вес изделия: 1.21г;Кольцо «Бриллианты Якутии» с 1 бриллиантом, огранка круг 57 граней, 0.04 карат, цвет 5, чистота 6, тип огранки А, 6 бриллиантами, огранка круг 57 граней, 0.11 карат, цвет 5, чистота 6, тип огранки А; 
Белое золото 585 пробы",,,,,https://sunlight.net//catalog/ring_157318.html,"70672-K5W-01&РОССИЯ&Белое золото&Бриллиант&3,3 мм&1.21 г",Бриллианты Якутии&Бриллианты Якутии
79,Золотое кольцо «Бриллианты Якутии»,Артикул: 99436,18990₽,63300₽,"Артикул: 99436;Кольцо «Бриллианты Якутии» с 1 бриллиантом, огранка круг 57 граней, 0.10 карат, цвет 3, чистота 6, тип огранки А; 
Белое золото 585 пробы;Вес изделия: 1.67г;Кольцо «Бриллианты Якутии» с 1 бриллиантом, огранка круг 57 граней, 0.10 карат, цвет 3, чистота 6, тип огранки А; 
Белое золото 585 пробы",,,,,https://sunlight.net//catalog/ring_99436.html,70345-K5W-01&РОССИЯ&Белое золото&Бриллиант&1.67 г,Бриллианты Якутии&Бриллианты Якутии
80,Золотое кольцо «Бриллианты Якутии»,Артикул: 58133,65990₽,131980₽,"Артикул: 58133;Кольцо «Бриллианты Якутии» с 6 бриллиантами, огранка круг 57 граней, 0.05 карат, цвет 3, чистота 6, тип огранки А, 1 бриллиантом, огранка круг 57 граней, 0.07 карат, цвет 3, чистота 6, тип огранки А, 6 бриллиантами, огранка круг 57 граней, 0.02 карат, цвет 3, чистота 6, тип огранки А, 12 бриллиантами, огранка круг 57 граней, 0.04 карат, цвет 3, чистота 6, тип огранки А, 6 бриллиантами, огранка круг 57 граней, 0.10 карат, цвет 3, чистота 6, тип огранки А; 
Белое золото 585 пробы;Вес изделия: 1.99г;Кольцо «Бриллианты Якутии» с 6 бриллиантами, огранка круг 57 граней, 0.05 карат, цвет 3, чистота 6, тип огранки А, 1 бриллиантом, огранка круг 57 граней, 0.07 карат, цвет 3, чистота 6, тип огранки А, 6 бриллиантами, огранка круг 57 граней, 0.02 карат, цвет 3, чистота 6, тип огранки А, 12 бриллиантами, огранка круг 57 граней, 0.04 карат, цвет 3, чистота 6, тип огранки А, 6 бриллиантами, огранка круг 57 граней, 0.10 карат, цвет 3, чистота 6, тип огранки А; 
Белое золото 585 пробы",,,,,https://sunlight.net//catalog/ring_58133.html,2804-K5W-02&РОССИЯ&Белое золото&Бриллиант&1.99 г,Бриллианты Якутии&Бриллианты Якутии
81,Золотая подвеска с изумрудом и бриллиантами,Артикул: 66503,8490₽,16980₽,"Артикул: 66503;Подвеска с 6 бриллиантами, огранка круг 17 граней, 0.01 карат, цвет 2, чистота 2, тип огранки Б;
1 изумрудом, 0.06 карат, цвет 3, чистота 3, тип огранки В;    
Розовое золото 585 пробы.;Вес изделия: 0.53г;Подвеска с 6 бриллиантами, огранка круг 17 граней, 0.01 карат, цвет 2, чистота 2, тип огранки Б;
1 изумрудом, 0.06 карат, цвет 3, чистота 3, тип огранки В;    
Розовое золото 585 пробы.",,,,,https://sunlight.net//catalog/pendants_66503.html,0451-P5R-03&РОССИЯ&Розовое золото&Бриллиант; Изумруд&0.53 г,SERGEY GRIBNYAKOV&Золото. Изумруды
82,Золотые серьги с бриллиантами,Артикул: 55920,6990₽,,"Артикул: 55920;Серьги с 2 бриллиантами, огранка круг 17 граней, 0.01 карат, цвет 2, чистота 2, тип огранки Б;    
Розовое золото 585 пробы.;Вес изделия: 1.36г;Серьги с 2 бриллиантами, огранка круг 17 граней, 0.01 карат, цвет 2, чистота 2, тип огранки Б;    
Розовое золото 585 пробы.",,,,,https://sunlight.net//catalog/earring_55920.html,2747-C5R-02&РОССИЯ&Розовое золото&Бриллиант&1.36 г,Бриллианты Якутии&Бриллианты. Fashion Diamonds
83,Золотое кольцо с бриллиантами,Артикул: 76111,39990₽,79980₽,"Артикул: 76111;Кольцо с 86 бриллиантами, огранка круг 17 граней, 0.05 карат, цвет 2, чистота 2, тип огранки Б;    
Розовое золото 585 пробы.;Вес изделия: 2.3г;Кольцо с 86 бриллиантами, огранка круг 17 граней, 0.05 карат, цвет 2, чистота 2, тип огранки Б;    
Розовое золото 585 пробы.",,,,,https://sunlight.net//catalog/ring_76111.html,7466-K5R-01&РОССИЯ&Розовое золото&Бриллиант&2.3 г,Бриллианты Якутии&Бриллианты. Fashion Diamonds
84,Золотые серьги с топазами и бриллиантами,Артикул: 272173,27990₽,55980₽,"Артикул: 272173;Серьги с 10 бриллиантами, огранка круг 17 граней, 0.04 карат, цвет 2, чистота 2, тип огранки Б;
1 топазом, 1.34 карат, тип огранки Б;1 топазом голубым, 1.34 карат, тип огранки Б;    
Розовое золото 585 пробы.;Вес изделия: 2.83г;Серьги с 10 бриллиантами, огранка круг 17 граней, 0.04 карат, цвет 2, чистота 2, тип огранки Б;
1 топазом, 1.34 карат, тип огранки Б;1 топазом голубым, 1.34 карат, тип огранки Б;    
Розовое золото 585 пробы.",,,,,https://sunlight.net//catalog/earring_272173.html,71177-C5R-01&РОССИЯ&Розовое золото&Бриллиант; Топаз&2.83 г,SERGEY GRIBNYAKOV&ЗОЛОТО. ТОПАЗЫ
85,Золотое кольцо «Бриллианты Якутии»,Артикул: 108792,8990₽,89900₽,"Артикул: 108792;Кольцо «Бриллианты Якутии» с 1 бриллиантом, огранка круг 57 граней, 0.04 карат, цвет 4, чистота 6, тип огранки А; 
Розовое золото 585 пробы;Вес изделия: 0.94г;Кольцо «Бриллианты Якутии» с 1 бриллиантом, огранка круг 57 граней, 0.04 карат, цвет 4, чистота 6, тип огранки А; 
Розовое золото 585 пробы",,,,,https://sunlight.net//catalog/ring_108792.html,"70530-K5R-01&РОССИЯ&Розовое золото&Бриллиант&1,6 мм&0.94 г",Бриллианты Якутии&Бриллианты Якутии
86,Золотое кольцо с бриллиантами,Артикул: 58184,4990₽,,"Артикул: 58184;Кольцо с 5 бриллиантами, огранка круг 17 граней, 0.01 карат, цвет 2, чистота 2, тип огранки Б;    
Белое золото 585 пробы.;Вес изделия: 0.75г;Кольцо с 5 бриллиантами, огранка круг 17 граней, 0.01 карат, цвет 2, чистота 2, тип огранки Б;    
Белое золото 585 пробы.",,,,,https://sunlight.net//catalog/ring_58184.html,2651-K5W-02&РОССИЯ&Белое золото&Бриллиант&0.75 г,Бриллианты Якутии&Бриллианты. Fashion Diamonds
87,Золотое кольцо «Бриллианты Якутии»,Артикул: 112488,39990₽,133300₽,"Артикул: 112488;Кольцо «Бриллианты Якутии» с 5 бриллиантами, огранка круг 57 граней, 0.34 карат, цвет 3, чистота 6, тип огранки А; 
Розовое золото 585 пробы;Вес изделия: 1.95г;Кольцо «Бриллианты Якутии» с 5 бриллиантами, огранка круг 57 граней, 0.34 карат, цвет 3, чистота 6, тип огранки А; 
Розовое золото 585 пробы",,,,,https://sunlight.net//catalog/ring_112488.html,70545-K5R-01&РОССИЯ&Розовое золото&Бриллиант&1.95 г,Бриллианты Якутии&Бриллианты Якутии
88,Золотое кольцо «Бриллианты Якутии»,Артикул: 99435,18990₽,63300₽,"Артикул: 99435;Кольцо «Бриллианты Якутии» с 1 бриллиантом, огранка круг 57 граней, 0.09 карат, цвет 3, чистота 6, тип огранки А; 
Розовое золото 585 пробы;Вес изделия: 1.53г;Кольцо «Бриллианты Якутии» с 1 бриллиантом, огранка круг 57 граней, 0.09 карат, цвет 3, чистота 6, тип огранки А; 
Розовое золото 585 пробы",,,,,https://sunlight.net//catalog/ring_99435.html,"70345-K5R-01&РОССИЯ&Розовое золото&Бриллиант&1,7 мм&1.53 г",Бриллианты Якутии&Бриллианты Якутии
89,Золотая подвеска с бриллиантами,Артикул: 51455,3190₽,,"Артикул: 51455;Подвеска с 5 бриллиантами, огранка круг 17 граней, 0.01 карат, цвет 2, чистота 2, тип огранки Б;    
Розовое золото 585 пробы.;Вес изделия: 0.4г;Подвеска с 5 бриллиантами, огранка круг 17 граней, 0.01 карат, цвет 2, чистота 2, тип огранки Б;    
Розовое золото 585 пробы.",,,,,https://sunlight.net//catalog/pendants_51455.html,2651-P5R-02&РОССИЯ&Розовое золото&Бриллиант&0.4 г,Бриллианты Якутии&Бриллианты. Fashion Diamonds
90,Золотое кольцо с коньячными бриллиантами и бриллиантами,Артикул: 281087,116990₽,233980₽,"Артикул: 281087;Кольцо с 119 бриллиантами, огранка круг 17 граней, 0.22 карат, цвет 2, чистота 2, тип огранки Б;
32 бриллиантами коньячными, огранка круг 57 граней, 0.45 карат, цвет 7, чистота 7, тип огранки А;    
Розовое золото 585 пробы.

Уникальная коллекция с коньячными и черными бриллиантами превосходна в тонкости ювелирной работы. Ведь украшения из этой коллекции – гармония цвета и фактуры, выразительность линий и совершенство в деталях.;Вес изделия: 5.17г;Кольцо с 119 бриллиантами, огранка круг 17 граней, 0.22 карат, цвет 2, чистота 2, тип огранки Б;
32 бриллиантами коньячными, огранка круг 57 граней, 0.45 карат, цвет 7, чистота 7, тип огранки А;    
Розовое золото 585 пробы.;Уникальная коллекция с коньячными и черными бриллиантами превосходна в тонкости ювелирной работы. Ведь украшения из этой коллекции – гармония цвета и фактуры, выразительность линий и совершенство в деталях.",,,,,https://sunlight.net//catalog/ring206665.html,0656-K5R-02&РОССИЯ&Розовое золото&Бриллиант; Коньячный бриллиант&5.17 г,SERGEY GRIBNYAKOV&Коньячные и черные бриллианты
91,Золотое кольцо с бриллиантами,Артикул: 157335,24990₽,49980₽,"Артикул: 157335;Кольцо с 54 бриллиантами, огранка круг 17 граней, 0.12 карат, цвет 2, чистота 2, тип огранки Б;    
Розовое золото 585 пробы.;Вес изделия: 1.23г;Кольцо с 54 бриллиантами, огранка круг 17 граней, 0.12 карат, цвет 2, чистота 2, тип огранки Б;    
Розовое золото 585 пробы.",,,,,https://sunlight.net//catalog/ring_157335.html,70683-K5R-01&РОССИЯ&Розовое золото&Бриллиант&1.23 г,Бриллианты Якутии&Бриллианты. Классика
92,Золотое кольцо «Бриллианты Якутии»,Артикул: 71585,40990₽,81980₽,"Артикул: 71585;Кольцо «Бриллианты Якутии» с 1 бриллиантом, огранка круг 57 граней, 0.12 карат, цвет 3, чистота 6, тип огранки А; 
Розовое золото 585 пробы;Вес изделия: 1.75г;Кольцо «Бриллианты Якутии» с 1 бриллиантом, огранка круг 57 граней, 0.12 карат, цвет 3, чистота 6, тип огранки А; 
Розовое золото 585 пробы",,,,,https://sunlight.net//catalog/ring_71585.html,3598-K5R-01&РОССИЯ&Розовое золото&Бриллиант&1.75 г,Бриллианты Якутии&Бриллианты Якутии
93,Золотое кольцо с бриллиантами,Артикул: 53651,43990₽,87980₽,"Артикул: 53651;Кольцо с 22 бриллиантами, огранка круг 17 граней, 0.09 карат, цвет 2, чистота 3, тип огранки Б;    
 585 пробы.

Невероятная привлекательность украшений из этой коллекции обусловлена использованием в изделиях сверкающего алмазного диска, который позволяет визуально увеличить и эффектно представить бриллианты взору окружающих.;Вес изделия: 2.72г;Кольцо с 22 бриллиантами, огранка круг 17 граней, 0.09 карат, цвет 2, чистота 3, тип огранки Б;    
 585 пробы.;Невероятная привлекательность украшений из этой коллекции обусловлена использованием в изделиях сверкающего алмазного диска, который позволяет визуально увеличить и эффектно представить бриллианты взору окружающих.",,,,,https://sunlight.net//catalog/ring_53651.html,"3444-K5M-01&Белое золото, Розовое золото&Бриллиант&2.72 г",SUNLIGHT&Бриллианты. Miracle
94,Золотое кольцо с топазами и бриллиантами,Артикул: 272086,17990₽,35980₽,"Артикул: 272086;Кольцо с 12 бриллиантами, огранка круг 17 граней, 0.05 карат, цвет 2, чистота 2, тип огранки Б;
1 топазом, 1.22 карат, тип огранки Б;    
Розовое золото 585 пробы.;Вес изделия: 1.47г;Кольцо с 12 бриллиантами, огранка круг 17 граней, 0.05 карат, цвет 2, чистота 2, тип огранки Б;
1 топазом, 1.22 карат, тип огранки Б;    
Розовое золото 585 пробы.",,,,,https://sunlight.net//catalog/ring_272086.html,71177-K5R-01&РОССИЯ&Розовое золото&Бриллиант; Топаз&1.47 г,SERGEY GRIBNYAKOV&ЗОЛОТО. ТОПАЗЫ
95,Золотое кольцо с бриллиантами,Артикул: 56869,16990₽,33980₽,"Артикул: 56869;Кольцо с 32 бриллиантами, огранка круг 17 граней, 0.05 карат, цвет 2, чистота 2, тип огранки Б;    
Розовое золото 585 пробы.;Вес изделия: 1.35г;Кольцо с 32 бриллиантами, огранка круг 17 граней, 0.05 карат, цвет 2, чистота 2, тип огранки Б;    
Розовое золото 585 пробы.",,,,,https://sunlight.net//catalog/ring_56869.html,"4171-K5R-03&РОССИЯ&Розовое золото&Бриллиант&5,2 мм&1.35 г",Бриллианты Якутии&Бриллианты. Классика
96,Золотое кольцо с топазом и бриллиантами,Артикул: 157565,24990₽,49980₽,"Артикул: 157565;Кольцо с 8 бриллиантами, огранка круг 17 граней, 0.03 карат, цвет 2, чистота 2, тип огранки Б;
1 топазом, 1.92 карат, тип огранки Б;    
Розовое золото 585 пробы.;Вес изделия: 2.23г;Кольцо с 8 бриллиантами, огранка круг 17 граней, 0.03 карат, цвет 2, чистота 2, тип огранки Б;
1 топазом, 1.92 карат, тип огранки Б;    
Розовое золото 585 пробы.",,,,,https://sunlight.net//catalog/ring_157565.html,70637-K5R-02&РОССИЯ&Розовое золото&Бриллиант; Топаз&2.23 г,SERGEY GRIBNYAKOV&ЗОЛОТО. ТОПАЗЫ
97,Золотые серьги с бриллиантами,Артикул: 70808,53990₽,107980₽,"Артикул: 70808;Серьги с 38 бриллиантами, огранка круг 17 граней, 0.12 карат, цвет 2, чистота 3, тип огранки Б;    
Розовое золото 585 пробы.

Невероятная привлекательность украшений из этой коллекции обусловлена использованием в изделиях сверкающего алмазного диска, который позволяет визуально увеличить и эффектно представить бриллианты взору окружающих.;Вес изделия: 3.51г;Серьги с 38 бриллиантами, огранка круг 17 граней, 0.12 карат, цвет 2, чистота 3, тип огранки Б;    
Розовое золото 585 пробы.;Невероятная привлекательность украшений из этой коллекции обусловлена использованием в изделиях сверкающего алмазного диска, который позволяет визуально увеличить и эффектно представить бриллианты взору окружающих.",,,,,https://sunlight.net//catalog/earring_70808.html,7539-C5R-01&Розовое золото&Бриллиант&3.51 г,SUNLIGHT&Бриллианты. Miracle
98,Золотое кольцо «Бриллианты Якутии»,Артикул: 57970,34990₽,69980₽,"Артикул: 57970;Кольцо «Бриллианты Якутии» с 6 бриллиантами, 0.02 карат, цвет 3, чистота 5, тип огранки А, 3 бриллиантами, 0.03 карат, цвет 3, чистота 5, тип огранки А, 3 бриллиантами, 0.03 карат, цвет 3, чистота 5, тип огранки А, 1 бриллиантом, 0.04 карат, цвет 3, чистота 5, тип огранки А; 
Розовое золото 585 пробы;Вес изделия: 1.68г;Кольцо «Бриллианты Якутии» с 6 бриллиантами, 0.02 карат, цвет 3, чистота 5, тип огранки А, 3 бриллиантами, 0.03 карат, цвет 3, чистота 5, тип огранки А, 3 бриллиантами, 0.03 карат, цвет 3, чистота 5, тип огранки А, 1 бриллиантом, 0.04 карат, цвет 3, чистота 5, тип огранки А; 
Розовое золото 585 пробы",,,,,https://sunlight.net//catalog/ring_57970.html,2065-K5R-04&РОССИЯ&Розовое золото&Бриллиант&1.68 г,Бриллианты Якутии&Бриллианты Якутии
99,Золотое кольцо с топазами и бриллиантами,Артикул: 123836,14990₽,29980₽,"Артикул: 123836;Кольцо с 10 бриллиантами, огранка круг 17 граней, 0.04 карат, цвет 2, чистота 2, тип огранки Б;
1 топазом, 0.97 карат, тип огранки В;    
Розовое золото 585 пробы.;Вес изделия: 1.38г;Кольцо с 10 бриллиантами, огранка круг 17 граней, 0.04 карат, цвет 2, чистота 2, тип огранки Б;
1 топазом, 0.97 карат, тип огранки В;    
Розовое золото 585 пробы.",,,,,https://sunlight.net//catalog/ring_123836.html,70576-K5R-03&РОССИЯ&Розовое золото&Бриллиант; Топаз&1.38 г,SERGEY GRIBNYAKOV&ЗОЛОТО. ТОПАЗЫ
100,Золотое кольцо с бриллиантами,Артикул: 51515,19990₽,39980₽,"Артикул: 51515;Кольцо с 1 бриллиантом, огранка круг 57 граней, 0.03 карат, цвет 4, чистота 5, тип огранки А, 30 бриллиантами, огранка круг 17 граней, 0.05 карат, цвет 2, чистота 2, тип огранки Б;    
 585 пробы.

Невероятная привлекательность украшений из этой коллекции обусловлена использованием в изделиях сверкающего алмазного диска, который позволяет визуально увеличить и эффектно представить бриллианты взору окружающих.;Вес изделия: 0.97г;Кольцо с 1 бриллиантом, огранка круг 57 граней, 0.03 карат, цвет 4, чистота 5, тип огранки А, 30 бриллиантами, огранка круг 17 граней, 0.05 карат, цвет 2, чистота 2, тип огранки Б;    
 585 пробы.;Невероятная привлекательность украшений из этой коллекции обусловлена использованием в изделиях сверкающего алмазного диска, который позволяет визуально увеличить и эффектно представить бриллианты взору окружающих.",,,,,https://sunlight.net//catalog/ring_51515.html,"0275-K5M-02&РОССИЯ&Белое золото, Розовое золото&Бриллиант&0.97 г",Бриллианты Якутии&Бриллианты. Miracle
